Index,User Id,First Name,Last Name,Sex,Email,Phone,Date of birth,Job Title
1,88f7b33d2bcf9f5,shelby,terrell,male,elijah57@example.net,001-084-906-7849x73518,10/26/1945,games developer
2,f90cd3e76f1a9b9,phillip,summers,female,bethany14@example.com,214.112.6044x4913,3/24/1910,phytotherapist
3,dbeab8ccdfefc2c,kristine,travis,male,bthompson@example.com,277.609.7938,7/2/1992,homeopath
4,a31bee3c201ef58,yesenia,martinez,male,kaitlinkaiser@example.com,584.094.6111,8/3/2017,market researcher
5,1ba7a3dc874da3c,lori,todd,male,buchananmanuel@example.net,689-207-3558x7233,12/1/1938,veterinary surgeon
6,bfdd7cdef5d865b,erin,day,male,tconner@example.org,001-171-649-9856x5553,10/28/2015,waste management officer
7,be9eef34cb72af7,katherine,buck,female,conniecowan@example.com,+1-773-151-6685x49162,1/22/1989,intelligence analyst
8,2efc6a4e77faeac,ricardo,hinton,male,wyattbishop@example.com,001-447-699-7998x88612,3/26/1924,hydrogeologist
9,badcc4deefd8deb,dave,farrell,male,nmccann@example.net,603-428-2429x27392,10/6/2018,lawyer
10,8e4fb470fe19bf0,isaiah,downs,male,virginiaterrell@example.org,+1-511-372-1544x8206,9/20/1964,"engineer, site"
11,bf0bba03c29bb3b,sheila,ross,female,huangcathy@example.com,895.881.4746,3/20/2008,advertising account executive
12,f738c69fb34e62e,stacy,newton,male,rayleroy@example.org,710.673.3213x80335,10/20/1980,warden/ranger
13,c03fdaddaadadce,mandy,blake,male,jefferynoble@example.org,(992)466-1305x4947,12/8/2007,"scientist, clinical (histocompatibility and immunogenetics)"
14,b759b74bd1de80d,bridget,nash,female,mercedes44@example.com,(216)627-8359,6/28/2004,social worker
15,1f0b7d65a00daf9,crystal,farmer,male,pmiranda@example.org,-5791,3/9/1992,agricultural consultant
16,50bb061cb30b461,thomas,knight,female,braunpriscilla@example.net,-2005,2/18/2006,sport and exercise psychologist
17,d6dba5308fec4bc,maurice,rangel,male,sheenabanks@example.com,(246)187-4969,8/20/2004,secretary/administrator
18,311d775990f066d,frank,meadows,male,gbrewer@example.org,429.965.3902x4447,9/16/2008,audiological scientist
19,7f7e1bacb0c9aff,alvin,paul,male,gilbertdonaldson@example.com,219.436.0887x07551,5/12/1949,"teacher, adult education"
20,88473e15d5c3cd0,jared,mitchell,female,jcortez@example.com,-8587,1/18/1921,paediatric nurse
21,b31d271f8c200ab,jacqueline,norton,female,carias@example.net,819.309.7679x59173,10/9/1952,"scientist, marine"
22,42f4bda841abadc,colleen,hatfield,female,fknox@example.org,638.584.1090,10/14/1949,commercial horticulturist
23,cbbbca0fca3c4bc,randy,barnes,male,huangbill@example.org,001-960-629-7164x67214,12/30/1947,outdoor activities/education manager
24,f1f89173353ad90,janice,rhodes,female,juarezdominique@example.net,001-249-314-9742x6996,11/1/1999,drilling engineer
25,c5b09fb33e8ba0a,alfred,mcneil,female,cassandramorris@example.com,(468)276-9509x53058,5/28/1993,systems analyst
26,c9f2282c40bec1e,sean,levine,male,sallymiller@example.net,4915828504,10/9/2010,"conservation officer, nature"
27,9c1bc7ec53fb7ce,louis,payne,male,bsullivan@example.net,6232695307,1/29/1916,counsellor
28,ddec50e2a2e3a2b,brittney,vega,female,ayalajose@example.net,945-739-8686,10/31/1932,recycling officer
29,66f096d36ebae11,judy,buckley,male,irosales@example.net,001-654-208-1241x52830,7/28/1963,art gallery manager
30,f0fe2faad78f8b5,norman,weber,male,mconrad@example.com,223.002.0429,5/21/1957,gaffer
31,5d2feafbdcaa6b5,isaiah,camacho,female,jimblake@example.org,001-536-544-3367,4/7/1966,food technologist
32,cda5f303fcd6dea,jacqueline,gallagher,male,nsampson@example.net,(247)762-8934,2/25/1999,building services engineer
33,8ef7dbfcab02b6b,bonnie,andrews,female,caitlin24@example.net,+1-253-987-2776x9161,12/21/1953,seismic interpreter
34,6dec5b5542f8ed8,brandon,schmidt,female,mconley@example.net,+1-386-673-1465x006,5/12/1931,"engineer, biomedical"
35,3fb8a7f68e12784,jackson,sparks,female,reynoldsdarryl@example.net,(137)908-3129x65035,11/18/1980,set designer
36,035eff50b9a0f24,melody,cook,male,jeannovak@example.org,(826)792-7381,6/25/1963,research scientist (life sciences)
37,aa614aae4b7cf0c,leonard,hurst,male,clinton78@example.org,941-038-0427x38800,3/13/1938,"accountant, chartered management"
38,accde95aae3e6cc,gene,rich,female,luisdeleon@example.org,+1-356-818-6604x89537,8/22/1946,"surveyor, quantity"
39,b6a35de5cb6fc25,cynthia,wiggins,female,rosariodave@example.org,(110)858-2437x70190,1/27/1984,outdoor activities/education manager
40,e92a191e345fa3a,tanya,mckinney,female,vickihouston@example.com,(830)774-9002x086,3/12/2003,information systems manager
41,7d0acbf6ccac3fd,matthew,stone,female,evelyn31@example.org,952-381-6360,8/23/2017,"scientist, clinical (histocompatibility and immunogenetics)"
42,cefa7bbcef013ae,kirk,walsh,female,stephenfuller@example.org,001-826-496-5529x8661,4/8/2009,accounting technician
43,9edbc94ae7ca22a,willie,vang,female,haleymathews@example.net,741.168.6854x067,2/2/1978,management consultant
44,ffe7baa737adbe2,miguel,hill,female,tyrone56@example.org,5247842945,8/26/1930,make
45,5f2f3faca8b0946,darren,andrews,male,lhernandez@example.com,(975)799-4261,10/4/1997,retail banker
46,6bfcfc3cc1bc6b4,haley,pugh,female,molly03@example.org,(746)182-6137x2453,9/16/1980,commissioning editor
47,f3bd2cbf7eeb6df,danielle,estrada,female,jvang@example.org,(890)374-9518x772,7/9/1930,"accountant, chartered management"
48,ee4eb129dc7913a,becky,brady,male,erikmueller@example.org,(390)002-0863,6/27/1957,seismic interpreter
49,dbcef340c3657eb,caitlyn,frey,male,rivasdominique@example.org,805-021-3965x46344,1/26/1968,jewellery designer
50,e47fb71dd9accd9,joshua,sweeney,male,daisymcgee@example.net,875.994.2100x535,7/28/1954,"education officer, museum"
51,ea3fdd79be9f0e7,heidi,escobar,female,staffordtravis@example.net,601-155-3065x1131,9/25/1931,estate manager/land agent
52,af0ee4547bc025c,brian,oconnell,female,saralong@example.net,952-283-1423x733,10/23/1911,physiotherapist
53,9f5ded7ad228f5a,beverly,esparza,female,iphelps@example.net,+1-327-578-8754x6771,12/9/1930,passenger transport manager
54,d3fa0220dde4d36,nathaniel,rivas,female,roberto29@example.com,(655)887-2040x37888,11/17/1908,call centre manager
55,60fdbfd5e7be8ff,debra,payne,female,yolanda07@example.org,001-731-525-8400x52593,8/20/1927,special educational needs teacher
56,d8bf5ab2b98caff,mackenzie,rocha,female,abbottyvette@example.net,4225525458,10/21/1980,museum/gallery exhibitions officer
57,cd8d33aa25bc8bb,courtney,watkins,female,ochang@example.org,210.683.2761x5883,12/7/2003,pension scheme manager
58,fac3bfff0a3d03c,fred,olsen,female,amyanderson@example.com,497-774-3053,4/10/1910,archaeologist
59,e552d7ddafe1ffb,ryan,nelson,female,qnorman@example.org,956.330.2951,5/2/1924,historic buildings inspector/conservation officer
60,0f8deedb629a5f6,grace,phelps,male,clarkeangela@example.net,(034)867-8827x6777,10/15/1909,petroleum engineer
61,bb9e49e506f65ed,shari,daugherty,male,kalvarado@example.org,001-951-655-4798x6124,11/24/1944,curator
62,ed724605a403d91,kelli,garner,male,jodyvincent@example.org,995.000.4213x0982,1/17/2010,retail banker
63,0abe5acb18e0c10,jackie,bennett,male,hutchinsonkirk@example.com,001-740-937-0846x0087,11/11/1915,neurosurgeon
64,5d2cb63caaf53f6,leslie,conway,female,floreschristina@example.org,795.782.4384x555,11/6/1983,chiropractor
65,ee6974f90eece18,harold,barnett,female,nathan65@example.org,-6682,3/15/1943,"biochemist, clinical"
66,cef02c076afa07f,larry,harper,male,maria32@example.org,+1-244-630-3792x4121,5/5/2021,"scientist, water quality"
67,9df5ba591bf3eff,mike,ward,female,imccullough@example.com,116-729-5046,11/9/1967,hydrologist
68,3fab1cbfefbddd4,brittney,rubio,female,corey92@example.com,593.976.2528,12/24/1959,"biochemist, clinical"
69,ebcefdf75ecb0a9,frank,pineda,male,daltoncalvin@example.net,(035)961-5060x9182,3/10/1926,hospital pharmacist
70,e75e5dbfcb68887,sandra,wu,male,ubanks@example.com,+1-096-606-6454x067,4/28/1925,warehouse manager
71,6a53a8d41ddf6de,ryan,benton,male,lopezdebbie@example.org,+1-695-557-9948x485,10/6/2020,physiological scientist
72,f0d3bd1aaf9e3bc,tamara,hull,male,meagan39@example.net,017.665.3744x7944,1/31/1933,english as a second language teacher
73,5bc87340799fbd0,jean,ritter,female,kristina76@example.com,(954)060-1066,8/6/1985,financial trader
74,dbfa17aaf16b4ab,veronica,briggs,female,weissbridget@example.com,+1-521-589-2387x48490,6/8/1974,structural engineer
75,c935b7eb6fa0b0f,kim,andrews,female,wpetersen@example.org,7677125383,11/15/1990,"biochemist, clinical"
76,b3e15e65ca2ccbf,tina,cunningham,male,wongmary@example.org,079-907-5051,11/29/1956,race relations officer
77,dade3452f0c32fd,jonathon,atkinson,male,gailfrench@example.net,874-037-2032x932,7/19/2011,"psychologist, forensic"
78,aded6cfd85dec46,jermaine,reid,female,vpaul@example.com,(742)214-8691,8/18/1974,newspaper journalist
79,daf111987098ae4,regina,stevens,male,xpoole@example.net,891-359-2684,11/28/2011,public house manager
80,6e6a5b885f6496d,terrence,huff,male,cassandra80@example.org,221.800.6408x5416,2/27/1944,careers information officer
81,12dcb4ed8e01d5c,tyler,foley,female,johnathan72@example.org,001-386-469-3075x8030,9/19/1908,economist
82,e1cb5ca8ca7cc0a,andrew,waters,male,nhall@example.net,+1-376-865-2765x3351,5/14/1948,jewellery designer
83,aeddfae8cf49f07,reginald,stephenson,male,erikaball@example.net,+1-832-500-6044x475,2/8/2010,contracting civil engineer
84,bff9853afaef772,douglas,reese,female,nixonvanessa@example.net,001-834-660-8312x9864,11/11/1961,higher education lecturer
85,e883773ca5219be,helen,williamson,female,melvin08@example.net,001-377-726-4229,8/11/1911,"lecturer, further education"
86,cb19eafebbff9ec,mario,vaughn,male,oblake@example.com,160-144-5039x12276,7/8/1990,research scientist (life sciences)
87,5834700fbed2771,chelsea,dickson,male,johnnyhendricks@example.net,001-698-651-0138x18588,5/13/1958,"teacher, early years/pre"
88,2b0ab1dc9e01d7e,dustin,bailey,male,pbarron@example.net,+1-965-621-1157x345,8/22/1908,travel agency manager
89,3f3a3d89ad042dd,harry,medina,female,olsenmalik@example.net,-6354,8/24/1947,technical sales engineer
90,9425e2f38c408ef,kathy,haney,female,teresa37@example.com,(164)105-8456,9/2/1955,charity fundraiser
91,f0aec9c2759f3c6,alison,nixon,female,zmiles@example.net,3506680871,7/10/1941,patent attorney
92,d6ea619a7c4aa95,jamie,hardy,female,sheenadouglas@example.com,(900)803-9295x11533,7/17/1994,"conservator, furniture"
93,2a33e7cad1bb0f5,melody,cox,female,evan90@example.org,(626)520-5080x3511,7/30/1974,dance movement psychotherapist
94,d181ffb7d3e68bb,xavier,cole,male,nicolas90@example.org,8164259975,11/29/1938,financial planner
95,feabf8dae0c0d6f,dillon,guzman,female,angelanavarro@example.net,971-992-4521,4/1/1942,air broker
96,5efda7caaeb260e,dennis,barnes,female,bmartin@example.org,001-095-524-2112x257,7/30/1954,software engineer
97,ccbfce93d3720be,steve,patterson,female,latasha46@example.net,001-865-478-5157,4/29/1932,barrister
98,2fec528afaf0b69,wesley,bray,male,regina11@example.org,995-542-3004x76800,12/28/1994,police officer
99,adc7ad9b6e4a1fe,summer,oconnell,female,alexiscantrell@example.org,001-273-685-6932x092,4/12/2012,broadcast journalist
100,b8d0ad3490fc7e1,mariah,bernard,male,pcopeland@example.org,(341)594-6554x44657,11/15/2016,it sales professional
101,feabf8dae0c0d6f,dillon,guzman,female,angelanavarro@example.net,971-992-4521,4/1/1942,air broker
102,5efda7caaeb260e,dennis,barnes,female,bmartin@example.org,001-095-524-2112x257,7/30/1954,software engineer
103,ccbfce93d3720be,steve,patterson,female,latasha46@example.net,001-865-478-5157,4/29/1932,barrister
104,2fec528afaf0b69,wesley,bray,male,regina11@example.org,995-542-3004x76800,12/28/1994,police officer
105,adc7ad9b6e4a1fe,summer,oconnell,female,alexiscantrell@example.org,001-273-685-6932x092,4/12/2012,broadcast journalist
106,b8d0ad3490fc7e1,mariah,bernard,male,pcopeland@example.org,(341)594-6554x44657,11/15/2016,it sales professional
